Slide_Number,Quality_Score,Semantic_Density,Instructional_Advice
1,5.0,0.5803,Optimal Design
2,5.0,0.5426,Optimal Design
3,5.0,0.5199,Optimal Design
4,5.0,0.5377,Optimal Design
5,5.0,0.5345,Optimal Design
6,5.0,0.5284,Optimal Design
7,2.5,0.5653,High Text Density (Cognitive Overload). | Signaling Deficiency: Key terms not highlighted.
8,5.0,0.5545,Optimal Design
9,4.0,0.5632,Signaling Deficiency: Key terms not highlighted.
10,4.0,0.542,Signaling Deficiency: Key terms not highlighted.
11,5.0,0.548,Optimal Design
12,4.0,0.5365,Signaling Deficiency: Key terms not highlighted.
13,5.0,0.5184,Optimal Design
14,5.0,0.5246,Optimal Design
15,5.0,0.5165,Optimal Design
16,5.0,0.5382,Optimal Design
17,5.0,0.5466,Optimal Design
18,5.0,0.5561,Optimal Design
19,5.0,0.5417,Optimal Design
20,5.0,0.5396,Optimal Design
21,4.0,0.5411,Signaling Deficiency: Key terms not highlighted.
22,5.0,0.5712,Optimal Design
23,4.0,0.5585,Signaling Deficiency: Key terms not highlighted.
24,5.0,0.5418,Optimal Design
25,2.5,0.552,High Text Density (Cognitive Overload). | Signaling Deficiency: Key terms not highlighted.
26,4.0,0.5397,Signaling Deficiency: Key terms not highlighted.
27,5.0,0.5109,Optimal Design
28,4.0,0.5472,Signaling Deficiency: Key terms not highlighted.
29,5.0,0.5453,Optimal Design
30,5.0,0.5551,Optimal Design
31,5.0,0.5468,Optimal Design
32,4.0,0.5519,Signaling Deficiency: Key terms not highlighted.
33,4.0,0.5408,Signaling Deficiency: Key terms not highlighted.
34,4.0,0.5552,Signaling Deficiency: Key terms not highlighted.
35,4.0,0.5466,Signaling Deficiency: Key terms not highlighted.
36,5.0,0.5367,Optimal Design
37,5.0,0.5401,Optimal Design
38,4.0,0.5563,Signaling Deficiency: Key terms not highlighted.
39,5.0,0.5332,Optimal Design
40,4.0,0.5438,Signaling Deficiency: Key terms not highlighted.
41,5.0,0.5367,Optimal Design
42,4.0,0.5583,Signaling Deficiency: Key terms not highlighted.
43,4.0,0.5466,Signaling Deficiency: Key terms not highlighted.
44,4.0,0.5355,Signaling Deficiency: Key terms not highlighted.
45,4.0,0.5262,Signaling Deficiency: Key terms not highlighted.
46,4.0,0.5433,Signaling Deficiency: Key terms not highlighted.
47,5.0,0.5272,Optimal Design
48,5.0,0.5205,Optimal Design
49,4.0,0.5619,Signaling Deficiency: Key terms not highlighted.
50,5.0,0.5224,Optimal Design
51,5.0,0.5292,Optimal Design
52,5.0,0.5329,Optimal Design
53,4.5,0.0,Insufficient context for learners.
